{
  "iter": [
    0,
    100,
    200,
    300,
    400,
    500,
    600,
    700,
    800,
    900,
    1000,
    1100,
    1199
  ],
  "L_E": [
    -1.7388776644394965,
    -2.4811603057507616,
    -2.820037700420326,
    -3.3943239055734846,
    -4.741428864159745,
    -4.655716017875336,
    -5.445328316516811,
    -5.938848627466792,
    -6.080711077027547,
    -5.336043599278992,
    -5.255538813986051,
    -5.454111853060652,
    -5.757852089234191
  ],
  "L_P": [
    1.7388776644394965,
    2.4811603057507674,
    2.820037700420327,
    3.3943239085704637,
    4.741436632240798,
    5.127502878791193,
    6.790263446528306,
    8.022143326391896,
    9.261260753689383,
    8.21725155983586,
    7.546795751370552,
    7.8626410667311895,
    9.165321868336198
  ],
  "ET": [
    0.7826593203655702,
    1.226407211669852,
    1.4488781121393428,
    1.8508960574429068,
    2.7400884929914366,
    2.534584002852152,
    3.0115176633889824,
    3.396255257047747,
    3.4168595837689217,
    3.083948586696673,
    3.075178298531758,
    3.2046735263082025,
    3.346398401243144
  ],
  "final_d": [
    0.07836450938291627,
    0.04752402763404318,
    0.048646537088603115,
    0.0944077841489155,
    0.026765681597176984,
    0.20323844301952457,
    0.13562350568458365,
    0.15131871104715747,
    0.16847748018491962,
    0.19662337093045015,
    0.2111731004092706,
    0.12904831406213127,
    0.11105619759132679
  ],
  "no_cap_frac": [
    0.0,
    0.0,
    0.0,
    0.0,
    0.0,
    0.08333333333333333,
    0.16666666666666666,
    0.25,
    0.4166666666666667,
    0.4166666666666667,
    0.3333333333333333,
    0.3333333333333333,
    0.4166666666666667
  ]
}